option,black_scholes,monte_carlo,std_error,ci_low,ci_high,absolute_error
call,10.450583572185565,10.489836670515158,0.06613601804911812,10.360210075138887,10.61946326589143,0.03925309832959378
put,5.573526022256971,5.575539994174762,0.03872594818623724,5.499637135729737,5.6514428526197875,0.0020139719177914017
